{"cameraMode":{"drawMode":0,"name":"Shaded","section":"Shading Mode"},"sceneLighting":false,"audioPlay":false,"sceneViewState":{"m_AlwaysRefresh":false,"showFog":true,"showSkybox":false,"showFlares":true,"showImageEffects":true,"showParticleSystems":true,"showVisualEffectGraphs":true,"m_FxEnabled":true},"in2DMode":false,"pivot":{"x":0.0013665001606568695,"y":-0.008352999575436116,"z":-0.0012649998534470797},"rotation":{"x":-0.036429889500141147,"y":0.72265625,"z":-0.038198597729206088,"w":-0.6891903877258301},"size":0.0058599659241735939,"orthographic":false}